{"v":"4.8.0","meta":{"g":"LottieFiles AE 3.4.4","a":"","k":"","d":"","tc":""},"fr":59.9660034179688,"ip":0,"op":312.000017783515,"w":500,"h":500,"nm":"KIDS","ddd":0,"assets":[{"id":"comp_0","layers":[{"ddd":0,"ind":1,"ty":3,"nm":"Null 1","sr":1,"ks":{"o":{"a":0,"k":0,"ix":11},"r":{"a":1,"k":[{"i":{"x":[0.833],"y":[0.941]},"o":{"x":[0.167],"y":[0.001]},"t":35,"s":[87]},{"i":{"x":[0.833],"y":[0.954]},"o":{"x":[0.167],"y":[-0.307]},"t":140,"s":[-64]},{"t":241.000013736625,"s":[-36]}],"ix":10},"p":{"a":0,"k":[250,250,0],"ix":2},"a":{"a":0,"k":[0,0,0],"ix":1},"s":{"a":0,"k":[100,100,100],"ix":6}},"ao":0,"ip":0,"op":312.000017783515,"st":0,"bm":0},{"ddd":0,"ind":2,"ty":4,"nm":"Shape Layer 1","parent":1,"sr":1,"ks":{"o":{"a":0,"k":100,"ix":11},"r":{"a":0,"k":0,"ix":10},"p":{"a":1,"k":[{"i":{"x":0.833,"y":0.833},"o":{"x":0.167,"y":0.167},"t":24,"s":[0,132,0],"to":[0,5.5,0],"ti":[0,-11.833,0]},{"i":{"x":0.833,"y":0.833},"o":{"x":0.167,"y":0.167},"t":35,"s":[0,165,0],"to":[0,11.833,0],"ti":[0,-8.167,0]},{"i":{"x":0.833,"y":0.833},"o":{"x":0.167,"y":0.167},"t":111,"s":[0,203,0],"to":[0,8.167,0],"ti":[0,20,0]},{"i":{"x":0.833,"y":0.833},"o":{"x":0.167,"y":0.167},"t":261,"s":[0,214,0],"to":[0,-7.454,0],"ti":[0,13.496,0]},{"t":290.000016529549,"s":[0,83,0]}],"ix":2},"a":{"a":0,"k":[0,0,0],"ix":1},"s":{"a":1,"k":[{"i":{"x":[0.833,0.833,0.833],"y":[0.833,0.833,0.833]},"o":{"x":[0.167,0.167,0.167],"y":[0.167,0.167,0.167]},"t":35,"s":[74,74,100]},{"i":{"x":[0.833,0.833,0.833],"y":[0.833,0.833,0.833]},"o":{"x":[0.167,0.167,0.167],"y":[0.167,0.167,0.167]},"t":111,"s":[93,93,100]},{"t":214.000012197667,"s":[99,99,100]}],"ix":6}},"ao":0,"shapes":[{"ty":"gr","it":[{"ind":0,"ty":"sh","ix":1,"ks":{"a":0,"k":{"i":[[27.3,0],[0,0],[0,27.3],[0,0],[0,0],[0,0]],"o":[[0,0],[-27.3,0],[0,0],[0,0],[0,0],[0,27.3]],"v":[[0,48.619],[0,48.619],[-49.431,-0.812],[-49.431,-48.619],[49.431,-48.619],[49.431,-0.812]],"c":true},"ix":2},"nm":"Path 1","mn":"ADBE Vector Shape - Group","hd":false},{"ty":"fl","c":{"a":0,"k":[0.906495098039,0.421170283299,0,1],"ix":4},"o":{"a":0,"k":100,"ix":5},"r":1,"bm":0,"nm":"Fill 1","mn":"ADBE Vector Graphic - Fill","hd":false},{"ty":"tr","p":{"a":0,"k":[0,-235.918],"ix":2},"a":{"a":0,"k":[0,-235.918],"ix":1},"s":{"a":0,"k":[100,100],"ix":3},"r":{"a":0,"k":0,"ix":6},"o":{"a":0,"k":100,"ix":7},"sk":{"a":0,"k":0,"ix":4},"sa":{"a":0,"k":0,"ix":5},"nm":"Transform"}],"nm":"Shape 1","np":3,"cix":2,"bm":0,"ix":1,"mn":"ADBE Vector Group","hd":false}],"ip":0,"op":312.000017783515,"st":0,"bm":0}]}],"layers":[{"ddd":0,"ind":1,"ty":4,"nm":"Artwork 5 Outlines","sr":1,"ks":{"o":{"a":0,"k":100,"ix":11},"r":{"a":0,"k":0,"ix":10},"p":{"a":0,"k":[250,250,0],"ix":2},"a":{"a":0,"k":[209,190.5,0],"ix":1},"s":{"a":0,"k":[100,100,100],"ix":6}},"ao":0,"shapes":[{"ty":"gr","it":[{"ind":0,"ty":"sh","ix":1,"ks":{"a":0,"k":{"i":[[0,0],[107.801,0],[0,107.801]],"o":[[0,107.801],[-107.802,0],[0,0]],"v":[[195.191,-97.596],[0.001,97.596],[-195.191,-97.596]],"c":false},"ix":2},"nm":"Path 1","mn":"ADBE Vector Shape - Group","hd":false},{"ty":"tm","s":{"a":1,"k":[{"i":{"x":[0.833],"y":[0.833]},"o":{"x":[0.167],"y":[0.167]},"t":7,"s":[100]},{"i":{"x":[0.833],"y":[0.999]},"o":{"x":[0],"y":[0]},"t":288,"s":[100]},{"t":300.000017099534,"s":[0]}],"ix":1},"e":{"a":1,"k":[{"i":{"x":[0.228],"y":[1.001]},"o":{"x":[0.422],"y":[0]},"t":7,"s":[100]},{"i":{"x":[0.833],"y":[1]},"o":{"x":[0.167],"y":[0.204]},"t":75,"s":[0]},{"i":{"x":[0.833],"y":[1]},"o":{"x":[0.167],"y":[0]},"t":265,"s":[0]},{"t":308.000017555521,"s":[0]}],"ix":2},"o":{"a":0,"k":0,"ix":3},"m":1,"ix":2,"nm":"Trim Paths 1","mn":"ADBE Vector Filter - Trim","hd":false},{"ty":"st","c":{"a":0,"k":[0.909803981407,0,0.533333333333,1],"ix":3},"o":{"a":0,"k":100,"ix":4},"w":{"a":0,"k":27,"ix":5},"lc":2,"lj":1,"ml":10,"bm":0,"nm":"Stroke 1","mn":"ADBE Vector Graphic - Stroke","hd":false},{"ty":"tr","p":{"a":0,"k":[208.691,252.098],"ix":2},"a":{"a":0,"k":[0,0],"ix":1},"s":{"a":0,"k":[100,100],"ix":3},"r":{"a":0,"k":0,"ix":6},"o":{"a":0,"k":100,"ix":7},"sk":{"a":0,"k":0,"ix":4},"sa":{"a":0,"k":0,"ix":5},"nm":"Transform"}],"nm":"Group 1","np":3,"cix":2,"bm":0,"ix":1,"mn":"ADBE Vector Group","hd":false},{"ty":"gr","it":[{"ind":0,"ty":"sh","ix":1,"ks":{"a":0,"k":{"i":[[0,2.484],[0,0],[0,1.552],[-1.863,0],[0,-2.483],[0,0],[-8.926,0],[0,-3.027],[3.881,0],[2.095,0],[0.62,-1.941],[0,0],[0,-1.63],[2.017,0],[0,0],[0,1.32]],"o":[[0,0],[0,-2.483],[0,-2.174],[2.018,0],[0,0],[0.698,-2.251],[3.959,0],[0,2.872],[-3.105,0],[-4.735,0],[0,0],[0,2.484],[0,1.32],[0,0],[-1.94,0],[0,-1.63]],"v":[[-14.36,9.47],[-14.36,-7.297],[-16.999,-12.186],[-5.2,-17.465],[-2.638,-14.205],[-2.638,-3.57],[10.945,-17.465],[16.999,-11.41],[11.178,-5.744],[5.822,-7.063],[-2.638,4.658],[-2.638,9.47],[0.078,15.757],[-2.638,17.465],[-14.36,17.465],[-16.999,15.757]],"c":true},"ix":2},"nm":"Path 1","mn":"ADBE Vector Shape - Group","hd":false},{"ty":"fl","c":{"a":0,"k":[0,0.639215686275,0.6,1],"ix":4},"o":{"a":0,"k":100,"ix":5},"r":1,"bm":0,"nm":"Fill 1","mn":"ADBE Vector Graphic - Fill","hd":false},{"ty":"tr","p":{"a":0,"k":[239.734,37.413],"ix":2},"a":{"a":0,"k":[0,0],"ix":1},"s":{"a":1,"k":[{"i":{"x":[0.177,0.177],"y":[1,1]},"o":{"x":[1,1],"y":[0,0]},"t":9,"s":[0,0]},{"t":78.0000044458787,"s":[100,100]}],"ix":3},"r":{"a":0,"k":0,"ix":6},"o":{"a":1,"k":[{"i":{"x":[0.833],"y":[0.833]},"o":{"x":[0.167],"y":[0.167]},"t":296,"s":[100]},{"t":311.000017726516,"s":[0]}],"ix":7},"sk":{"a":0,"k":0,"ix":4},"sa":{"a":0,"k":0,"ix":5},"nm":"Transform"}],"nm":"Group 2","np":2,"cix":2,"bm":0,"ix":2,"mn":"ADBE Vector Group","hd":false},{"ty":"gr","it":[{"ind":0,"ty":"sh","ix":1,"ks":{"a":0,"k":{"i":[[0,-2.562],[-2.561,0],[0,3.648],[2.638,0]],"o":[[0,11.1],[1.242,0],[0,-10.945],[-1.243,0]],"v":[[-4.076,-8.15],[2.212,14.05],[4.074,8.15],[-2.057,-14.049]],"c":true},"ix":2},"nm":"Path 1","mn":"ADBE Vector Shape - Group","hd":false},{"ind":1,"ty":"sh","ix":2,"ks":{"a":0,"k":{"i":[[0,11.642],[-9.314,0],[0,-10.789],[9.159,0]],"o":[[0,-8.074],[8.539,0],[0,8.848],[-7.995,0]],"v":[[-16.107,-1.008],[-0.661,-17.464],[16.107,0.777],[0.505,17.464]],"c":true},"ix":2},"nm":"Path 2","mn":"ADBE Vector Shape - Group","hd":false},{"ty":"mm","mm":1,"nm":"Merge Paths 1","mn":"ADBE Vector Filter - Merge","hd":false},{"ty":"fl","c":{"a":0,"k":[0,0.639215686275,0.6,1],"ix":4},"o":{"a":0,"k":100,"ix":5},"r":1,"bm":0,"nm":"Fill 1","mn":"ADBE Vector Graphic - Fill","hd":false},{"ty":"tr","p":{"a":0,"k":[205.467,37.413],"ix":2},"a":{"a":0,"k":[0,0],"ix":1},"s":{"a":1,"k":[{"i":{"x":[0.177,0.177],"y":[1,1]},"o":{"x":[1,1],"y":[0,0]},"t":4,"s":[0,0]},{"t":73.0000041608865,"s":[100,100]}],"ix":3},"r":{"a":0,"k":0,"ix":6},"o":{"a":1,"k":[{"i":{"x":[0.833],"y":[0.833]},"o":{"x":[0.167],"y":[0.167]},"t":295,"s":[100]},{"t":310.000017669518,"s":[0]}],"ix":7},"sk":{"a":0,"k":0,"ix":4},"sa":{"a":0,"k":0,"ix":5},"nm":"Transform"}],"nm":"Group 3","np":4,"cix":2,"bm":0,"ix":3,"mn":"ADBE Vector Group","hd":false},{"ty":"gr","it":[{"ind":0,"ty":"sh","ix":1,"ks":{"a":0,"k":{"i":[[0,0],[0,0],[0,0],[0,0],[-12.73,0],[0,-4.891],[2.794,0],[0,3.415],[0,0.699],[2.096,0],[0,-3.493],[-3.105,0],[0,0],[0,0],[0,0],[0,0],[0,-1.63],[1.94,0],[0,0],[0,1.32],[0,2.484]],"o":[[0,0],[0,0],[0,0],[0,-7.219],[5.9,0],[0,3.259],[-2.951,0],[0,0],[0,-1.475],[-3.106,0],[0,4.658],[0,0],[0,0],[0,0],[0,0],[0,2.484],[0,1.32],[0,0],[-2.019,0],[0,-1.63],[0,0]],"v":[[-11.022,-4.231],[-13.739,-4.231],[-13.739,-7.491],[-11.022,-7.491],[2.251,-27.439],[13.739,-19.211],[7.996,-14.244],[2.018,-19.211],[2.096,-20.376],[-0.31,-24.179],[-4.657,-17.582],[0.699,-7.491],[6.986,-7.491],[6.986,-4.231],[0.699,-4.231],[0.699,19.444],[3.338,25.731],[0.699,27.439],[-11.022,27.439],[-13.739,25.731],[-11.022,19.444]],"c":true},"ix":2},"nm":"Path 1","mn":"ADBE Vector Shape - Group","hd":false},{"ty":"fl","c":{"a":0,"k":[0,0.639215686275,0.6,1],"ix":4},"o":{"a":0,"k":100,"ix":5},"r":1,"bm":0,"nm":"Fill 1","mn":"ADBE Vector Graphic - Fill","hd":false},{"ty":"tr","p":{"a":0,"k":[182.375,27.439],"ix":2},"a":{"a":0,"k":[0,0],"ix":1},"s":{"a":1,"k":[{"i":{"x":[0.177,0.177],"y":[1,1]},"o":{"x":[1,1],"y":[0,0]},"t":0,"s":[0,0]},{"t":69.0000039328927,"s":[100,100]}],"ix":3},"r":{"a":0,"k":0,"ix":6},"o":{"a":1,"k":[{"i":{"x":[0.833],"y":[0.833]},"o":{"x":[0.167],"y":[0.167]},"t":295,"s":[100]},{"t":310.000017669518,"s":[0]}],"ix":7},"sk":{"a":0,"k":0,"ix":4},"sa":{"a":0,"k":0,"ix":5},"nm":"Transform"}],"nm":"Group 4","np":2,"cix":2,"bm":0,"ix":4,"mn":"ADBE Vector Group","hd":false},{"ty":"gr","it":[{"ind":0,"ty":"sh","ix":1,"ks":{"a":0,"k":{"i":[[0,2.616],[0,25.039],[-23.544,0],[0,-11.772],[5.605,0],[10.464,0],[0,-2.616],[0,-24.479],[23.545,0],[0,11.773],[-5.606,0],[-10.278,0]],"o":[[0,-16.443],[0,-11.773],[23.171,0],[0,6.166],[-17.004,0],[-4.111,0],[0,16.631],[0,11.772],[-23.17,0],[0,-5.979],[17.004,0],[4.297,0]],"v":[[7.941,28.59],[-38.4,-19.432],[-2.522,-42.044],[38.4,-23.17],[27.375,-14.2],[-2.148,-33.821],[-7.941,-28.589],[38.4,19.434],[2.522,42.044],[-38.4,23.171],[-27.375,14.202],[1.962,33.822]],"c":true},"ix":2},"nm":"Path 1","mn":"ADBE Vector Shape - Group","hd":false},{"ty":"fl","c":{"a":0,"k":[0,0.419607873056,0.952941236309,1],"ix":4},"o":{"a":0,"k":100,"ix":5},"r":1,"bm":0,"nm":"Fill 1","mn":"ADBE Vector Graphic - Fill","hd":false},{"ty":"tr","p":{"a":0,"k":[328.181,163.581],"ix":2},"a":{"a":0,"k":[0,0],"ix":1},"s":{"a":1,"k":[{"i":{"x":[0.177,0.177],"y":[1,1]},"o":{"x":[1,1],"y":[0,0]},"t":89,"s":[0,0]},{"t":158.000009005754,"s":[100,100]}],"ix":3},"r":{"a":0,"k":0,"ix":6},"o":{"a":1,"k":[{"i":{"x":[0.833],"y":[0.833]},"o":{"x":[0.167],"y":[0.167]},"t":295,"s":[100]},{"t":310.000017669518,"s":[0]}],"ix":7},"sk":{"a":0,"k":0,"ix":4},"sa":{"a":0,"k":0,"ix":5},"nm":"Transform"}],"nm":"Group 5","np":2,"cix":2,"bm":0,"ix":5,"mn":"ADBE Vector Group","hd":false},{"ty":"gr","it":[{"ind":0,"ty":"sh","ix":1,"ks":{"a":0,"k":{"i":[[0,-9.903],[-10.838,0],[0,0],[0,0],[9.717,0]],"o":[[0,19.994],[3.55,0],[0,0],[0,0],[-5.232,0]],"v":[[-15.976,7.567],[3.644,57.833],[8.128,53.161],[8.128,9.249],[-8.689,-9.811]],"c":true},"ix":2},"nm":"Path 1","mn":"ADBE Vector Shape - Group","hd":false},{"ind":1,"ty":"sh","ix":2,"ks":{"a":0,"k":{"i":[[0,22.423],[-20.181,0],[-3.176,-1.495],[0,0],[0,3.551],[-4.484,0],[0,-5.793],[0,0],[0,-3.924],[4.672,0],[5.979,0],[11.585,0]],"o":[[0,-23.918],[6.352,0],[0,0],[0,-5.793],[0,-5.419],[4.859,0],[0,0],[0,5.98],[0,3.177],[-9.903,0],[-6.54,0],[-22.05,0]],"v":[[-42.884,23.077],[-6.633,-18.033],[8.128,-14.855],[8.128,-41.763],[1.775,-53.349],[30.177,-66.055],[36.531,-58.394],[36.531,46.808],[42.884,61.943],[36.531,66.054],[18.406,63.438],[-2.709,66.054]],"c":true},"ix":2},"nm":"Path 2","mn":"ADBE Vector Shape - Group","hd":false},{"ty":"mm","mm":1,"nm":"Merge Paths 1","mn":"ADBE Vector Filter - Merge","hd":false},{"ty":"fl","c":{"a":0,"k":[0,0.705882352941,0,1],"ix":4},"o":{"a":0,"k":100,"ix":5},"r":1,"bm":0,"nm":"Fill 1","mn":"ADBE Vector Graphic - Fill","hd":false},{"ty":"tr","p":{"a":0,"k":[243.723,139.57],"ix":2},"a":{"a":0,"k":[0,0],"ix":1},"s":{"a":1,"k":[{"i":{"x":[0.177,0.177],"y":[1,1]},"o":{"x":[1,1],"y":[0,0]},"t":69,"s":[0,0]},{"t":138.000007865785,"s":[100,100]}],"ix":3},"r":{"a":0,"k":0,"ix":6},"o":{"a":1,"k":[{"i":{"x":[0.833],"y":[0.833]},"o":{"x":[0.167],"y":[0.167]},"t":295,"s":[100]},{"t":310.000017669518,"s":[0]}],"ix":7},"sk":{"a":0,"k":0,"ix":4},"sa":{"a":0,"k":0,"ix":5},"nm":"Transform"}],"nm":"Group 6","np":4,"cix":2,"bm":0,"ix":6,"mn":"ADBE Vector Group","hd":false},{"ty":"gr","it":[{"ind":0,"ty":"sh","ix":1,"ks":{"a":0,"k":{"i":[[0,7.661],[-7.661,0],[0,-7.848],[7.847,0]],"o":[[0,-7.848],[7.847,0],[0,7.661],[-7.661,0]],"v":[[-14.108,-45.314],[-0.093,-59.514],[14.108,-45.314],[-0.093,-31.298]],"c":true},"ix":2},"nm":"Path 1","mn":"ADBE Vector Shape - Group","hd":false},{"ind":1,"ty":"sh","ix":2,"ks":{"a":0,"k":{"i":[[0,0],[0,-3.924],[4.672,0],[0,0],[0,3.177],[0,5.98],[0,0],[0,3.738],[-4.486,0],[0,-5.98]],"o":[[0,5.98],[0,3.177],[0,0],[-4.672,0],[0,-3.924],[0,0],[0,-5.98],[0,-5.232],[4.858,0],[0,0]],"v":[[14.108,40.268],[20.648,55.404],[14.108,59.514],[-14.108,59.514],[-20.648,55.404],[-14.108,40.268],[-14.108,-0.094],[-20.648,-11.866],[7.942,-24.573],[14.108,-16.724]],"c":true},"ix":2},"nm":"Path 2","mn":"ADBE Vector Shape - Group","hd":false},{"ty":"mm","mm":1,"nm":"Merge Paths 1","mn":"ADBE Vector Filter - Merge","hd":false},{"ty":"fl","c":{"a":0,"k":[1,0.752941236309,0,1],"ix":4},"o":{"a":0,"k":100,"ix":5},"r":1,"bm":0,"nm":"Fill 1","mn":"ADBE Vector Graphic - Fill","hd":false},{"ty":"tr","p":{"a":0,"k":[178.325,146.11],"ix":2},"a":{"a":0,"k":[0,0],"ix":1},"s":{"a":1,"k":[{"i":{"x":[0.177,0.177],"y":[1,1]},"o":{"x":[1,1],"y":[0,0]},"t":43,"s":[0,0]},{"t":112.000006383826,"s":[100,100]}],"ix":3},"r":{"a":0,"k":0,"ix":6},"o":{"a":1,"k":[{"i":{"x":[0.833],"y":[0.833]},"o":{"x":[0.167],"y":[0.167]},"t":295,"s":[100]},{"t":310.000017669518,"s":[0]}],"ix":7},"sk":{"a":0,"k":0,"ix":4},"sa":{"a":0,"k":0,"ix":5},"nm":"Transform"}],"nm":"Group 7","np":4,"cix":2,"bm":0,"ix":7,"mn":"ADBE Vector Group","hd":false},{"ty":"gr","it":[{"ind":0,"ty":"sh","ix":1,"ks":{"a":0,"k":{"i":[[0,5.979],[0,0],[0,3.551],[-4.486,0],[0,-5.793],[0,0],[0,0],[0,1.494],[0,2.616],[-4.859,0],[0,0],[0,-2.242],[5.233,-5.979],[0,0],[0,0],[0,-3.924],[4.672,0],[0,0],[0,3.177],[0,3.177],[1.121,2.243],[0,0],[0,0],[0,0],[0,-3.924],[4.672,0],[0,0],[0,3.177]],"o":[[0,0],[0,-5.793],[0,-5.419],[4.858,0],[0,0],[0,0],[1.121,-2.054],[0,-3.738],[0,-3.363],[0,0],[4.671,0],[0,3.737],[0,0],[0,0],[3.364,5.605],[0,3.177],[0,0],[-4.671,0],[0,-2.615],[0,-1.308],[0,0],[0,0],[0,0],[0,5.979],[0,3.177],[0,0],[-4.672,0],[0,-3.924]],"v":[[-41.857,46.809],[-41.857,-41.762],[-48.397,-53.348],[-19.807,-66.055],[-13.641,-58.393],[-13.641,24.012],[8.969,0.467],[10.464,-4.764],[8.035,-13.734],[14.576,-18.033],[31.205,-18.033],[37.184,-13.734],[18.498,2.336],[9.716,11.492],[34.755,46.809],[48.396,61.943],[41.482,66.055],[7.661,66.055],[1.307,61.943],[3.176,54.096],[1.681,48.863],[-9.904,31.859],[-13.641,35.784],[-13.641,46.809],[-7.101,61.943],[-13.641,66.055],[-41.857,66.055],[-48.397,61.943]],"c":true},"ix":2},"nm":"Path 1","mn":"ADBE Vector Shape - Group","hd":false},{"ty":"fl","c":{"a":0,"k":[0.992156922583,0,0.090196078431,1],"ix":4},"o":{"a":0,"k":100,"ix":5},"r":1,"bm":0,"nm":"Fill 1","mn":"ADBE Vector Graphic - Fill","hd":false},{"ty":"tr","p":{"a":0,"k":[104.237,139.57],"ix":2},"a":{"a":0,"k":[0,0],"ix":1},"s":{"a":1,"k":[{"i":{"x":[0.177,0.177],"y":[1,1]},"o":{"x":[1,1],"y":[0,0]},"t":18,"s":[0,0]},{"t":87.0000049588647,"s":[100,100]}],"ix":3},"r":{"a":0,"k":0,"ix":6},"o":{"a":1,"k":[{"i":{"x":[0.833],"y":[0.833]},"o":{"x":[0.167],"y":[0.167]},"t":295,"s":[100]},{"t":310.000017669518,"s":[0]}],"ix":7},"sk":{"a":0,"k":0,"ix":4},"sa":{"a":0,"k":0,"ix":5},"nm":"Transform"}],"nm":"Group 8","np":2,"cix":2,"bm":0,"ix":8,"mn":"ADBE Vector Group","hd":false}],"ip":0,"op":312.000017783515,"st":0,"bm":0},{"ddd":0,"ind":2,"ty":0,"nm":"Pre-comp 1","refId":"comp_0","sr":1,"ks":{"o":{"a":0,"k":100,"ix":11},"r":{"a":0,"k":0,"ix":10},"p":{"a":0,"k":[250,250,0],"ix":2},"a":{"a":0,"k":[250,250,0],"ix":1},"s":{"a":0,"k":[100,100,100],"ix":6}},"ao":0,"hasMask":true,"masksProperties":[{"inv":false,"mode":"a","pt":{"a":0,"k":{"i":[[-2,-2],[178,0],[0,0],[0,-8],[0,0],[0,0],[0,0]],"o":[[2,2],[-178,0],[0,0],[0,8],[0,0],[0,0],[0,0]],"v":[[446,204],[254,408],[50,206],[-68,258],[-20,512],[542,524],[570,206]],"c":true},"ix":1},"o":{"a":0,"k":100,"ix":3},"x":{"a":0,"k":0,"ix":4},"nm":"Mask 1"}],"w":500,"h":500,"ip":0,"op":312.000017783515,"st":0,"bm":0}],"markers":[]}